title,year,ratingIMDB,votes,genresIMDB,sentiment_score_title,project_score,sentiment_score
10 things i hate about you,1999,6.9,62847.0,comedy romance,-0.9999855756759644,-1,-0.16469093382540828
1492: conquest of paradise,1992,6.2,10421.0,adventure biography drama history,-0.9999669790267944,-1,0.05469349289641661
15 minutes,2001,6.1,25854.0,action crime drama thriller,-0.9998724460601808,-1,-0.18338002693102362
2001: a space odyssey,1968,8.4,163227.0,adventure mystery sci-fi,-0.9971592426300048,-1,-0.030333000290043214
48 hrs.,1982,6.9,22289.0,action comedy crime drama thriller,-0.8668073415756226,-1,-0.1851416036693586
the fifth element,1997,7.5,133756.0,action adventure romance sci-fi thriller,-0.9977776408195496,-1,0.048204382164426345
8mm,1999,6.3,48212.0,crime mystery thriller,-0.9994258880615234,-1,-0.20039185140191054
a nightmare on elm street 4: the dream master,1988,5.2,13590.0,fantasy horror thriller,-0.9951475262641908,-1,-0.26874115482553257
a nightmare on elm street: the dream child,1989,4.7,11092.0,fantasy horror thriller,-0.9685505032539368,-1,-0.11576042923272825
the atomic submarine,1959,4.9,513.0,sci-fi thriller,-0.999824583530426,-1,-0.08367556839619043
affliction,1997,6.9,7252.0,drama mystery thriller,-0.9982119798660278,-1,-0.20108627079006952
air force one,1997,6.3,61978.0,action drama thriller,-0.9939159750938416,-1,-0.12819252746260684
airplane ii: the sequel,1982,5.8,15210.0,comedy romance sci-fi,-0.9964029788970948,-1,-0.06749079145234206
airplane!,1980,7.8,57692.0,comedy romance,-0.9980257749557496,-1,-0.011865906258846851
alien nation,1988,6.1,5590.0,crime drama sci-fi thriller,-0.9998810291290284,-1,-0.13939745728992572
aliens,1986,8.5,173518.0,action sci-fi thriller,-0.9607979655265808,-1,-0.10164336125498695
amadeus,1984,8.4,99138.0,biography drama music,0.6309290528297424,1,0.0009177855133655173
an american werewolf in london,1981,7.5,24443.0,horror romance,-0.9201975464820862,-1,-0.12030209812326002
american madness,1932,7.4,702.0,drama,-0.9943254590034484,-1,-0.03321246832340687
american outlaws,2001,5.7,7425.0,action western,-0.976787269115448,-1,-0.02230127316254836
american psycho,2000,7.4,101357.0,drama thriller,-0.9999154806137084,-1,-0.22423675993368739
antitrust,2001,6.0,16453.0,drama thriller,-0.9986261129379272,-1,-0.24347854193825844
austin powers: international man of mystery,1997,7.1,75240.0,action adventure comedy crime,0.9731439352035522,1,0.033799721328599965
the avengers,1998,3.4,21519.0,action adventure thriller,-0.9170261025428772,-1,-0.04110408008816731
bachelor party,1984,5.9,14050.0,comedy romance,0.6043320894241333,1,0.06747950335468636
backdraft,1991,6.6,28541.0,action crime drama mystery thriller,-0.9308850169181824,-1,-0.14374900785263225
bad lieutenant,1992,6.9,13908.0,crime drama,-0.9859159588813782,-1,-0.3188476287401639
bamboozled,2000,6.3,5995.0,comedy drama music,0.7286608219146729,1,0.019356707094709658
barry lyndon,1975,8.1,40622.0,drama romance war,-0.999767005443573,-1,0.08369918105131138
basic,2003,6.3,26295.0,crime drama mystery thriller,-0.9999291896820068,-1,-0.27986172066544585
big fish,2003,8.1,144264.0,adventure drama fantasy,-0.9714394807815552,-1,0.11001721268552113
birthday girl,2001,6.0,13497.0,comedy crime romance thriller,-0.9757685661315918,-1,-0.13813088906047702
black snake moan,2006,7.1,28509.0,drama,0.9969627261161804,1,-0.03434263062708586
black rain,1989,6.4,16249.0,action crime drama thriller,-0.7850095629692078,-1,-0.12255951529368758
blade runner,1982,8.3,188735.0,drama sci-fi thriller,-0.9690237641334534,-1,-0.11952047611055104
blast from the past,1999,6.4,23489.0,comedy drama romance,0.9282318949699402,1,0.027640416119576492
blue velvet,1986,7.8,54576.0,crime mystery thriller,0.6001339554786682,1,-0.08503758785498404
the boondock saints,1999,7.8,87895.0,action crime drama thriller,-0.7353256344795227,-1,-0.14430696086516004
bottle rocket,1996,7.2,22303.0,comedy crime,-0.9998026490211488,-1,-0.14855379057193988
the bourne supremacy,2004,7.6,106349.0,action adventure mystery thriller,-0.9998987913131714,-1,-0.2411972603025657
braveheart,1995,8.4,245652.0,action biography drama history war,-0.5903762578964233,-1,0.04529447339183495
the butterfly effect,2004,7.8,104917.0,drama mystery sci-fi thriller,-0.9361993074417114,-1,-0.21791695254504267
casablanca,1942,8.8,170874.0,drama romance war,-0.999852180480957,-1,0.06130212626140106
cast away,2000,7.5,104477.0,adventure drama,-0.9982536435127258,-1,-0.016461780921897696
the cider house rules,1999,7.5,38836.0,drama romance,0.9867553114891052,1,-0.04875348327819521
confidence,2003,6.8,17235.0,crime thriller,-0.9985401630401612,-1,-0.190543652768943
croupier,1998,7.2,9060.0,crime drama,-0.9999336004257202,-1,-0.10612049662187452
dark star,1974,6.5,8303.0,comedy sci-fi thriller,-0.9959736466407776,-1,-0.0872057353456815
dark angel,1990,5.3,3452.0,action crime drama horror sci-fi thriller,-0.9997735619544984,-1,-0.12242454086338078
detroit rock city,1999,6.5,14666.0,comedy music,-0.9980712532997132,-1,-0.138100187152119
donnie darko,2001,8.3,215194.0,drama mystery sci-fi,-0.9981045722961426,-1,-0.10581076507143646
drop dead gorgeous,1999,6.3,16417.0,comedy adult,-0.9995416402816772,-1,-0.06535301605860393
duck soup,1933,8.1,27112.0,comedy musical,-0.912835955619812,-1,-0.06415818797217475
the elephant man,1980,8.4,59625.0,biography drama history,-0.7906111478805542,-1,0.18988975430979874
erik the viking,1989,5.9,5889.0,comedy adventure fantasy,-0.99978107213974,-1,-0.09217862385869678
eternal sunshine of the spotless mind,2004,8.5,224838.0,drama romance sci-fi,-0.9999940395355223,-1,-0.06591557494818871
even cowgirls get the blues,1993,4.0,3947.0,comedy drama romance western,-0.9217824339866638,-1,-0.14734616815643822
event horizon,1997,6.4,45497.0,horror mystery mystery sci-fi sci-fi,-0.999466359615326,-1,-0.17596756364697608
fantastic four,2005,5.7,72581.0,action adventure fantasy sci-fi fantasy,-0.9966326355934144,-1,-0.020690562109968978
fast times at ridgemont high,1982,7.2,31710.0,comedy drama romance,-0.8639359474182129,-1,0.07467759272845775
fear and loathing in las vegas,1998,7.6,82748.0,drama fantasy,-0.999707043170929,-1,-0.3664397330253155
feast,2005,6.4,12248.0,action comedy horror thriller,-0.999316930770874,-1,-0.0912753654057601
frances,1982,7.2,2756.0,biography drama,-0.9998999834060668,-1,-0.1285032678606764
frankenstein,1931,8.0,23522.0,drama horror sci-fi,0.5788302421569824,1,0.16969709392845805
friday the 13th,2009,5.6,27499.0,horror,-0.956561803817749,-1,-0.05105921742203948
from dusk till dawn,1996,7.1,81559.0,action crime horror thriller,-0.9629539847373962,-1,-0.09776660149747675
g.i. jane,1997,5.6,24068.0,action drama,-0.999562680721283,-1,-0.1271492282981458
godzilla,1998,4.9,60310.0,action horror sci-fi thriller,-0.9998371601104736,-1,-0.10942445729825363
galaxy quest,1999,7.2,53004.0,action adventure comedy sci-fi,0.8186150789260864,1,-0.11978063780880539
george washington,2000,7.5,3142.0,drama,-0.9991509914398192,-1,0.050969202445584096
get shorty,1995,6.9,33588.0,comedy crime thriller,-0.999626398086548,-1,-0.17918945637231315
ghost ship,2002,5.3,26413.0,horror mystery thriller,-0.9996901750564576,-1,-0.28746812691730733
ghost world,2001,7.7,43550.0,comedy drama,-0.9999806880950928,-1,-0.2326592328184742
the ghost and the darkness,1996,6.6,19954.0,adventure drama thriller,-0.820536732673645,-1,0.00047853111796531815
ghostbusters ii,1989,6.1,45450.0,action adventure comedy fantasy sci-fi action adventure comedy sci-fi,0.9916945099830629,1,-0.020029914477234515
ghostbusters,1986,6.9,237.0,animation comedy fantasy sci-fi horror,0.6911989450454712,1,-0.06186534090129208
gladiator,2000,8.4,286067.0,action adventure drama,-0.993975818157196,-1,-0.07764577640069498
the graduate,1967,8.2,79677.0,comedy drama romance,-0.9978263974189758,-1,-0.08077936794395747
grand hotel,1932,7.7,6088.0,drama romance,0.990764856338501,1,0.021059843750780384
the grifters,1990,7.0,11481.0,crime drama thriller,-0.915531039237976,-1,-0.029092043962167656
halloween h20: 20 years later,1998,5.4,22353.0,drama horror thriller,-0.9988001585006714,-1,-0.16086697225042954
happy birthday wanda june,1971,5.8,144.0,comedy drama,-0.9920722842216492,-1,-0.02486464655048394
hardcore,1979,6.7,2455.0,drama,-0.9997605681419371,-1,-0.20727657146542985
harold and maude,1971,8.1,28689.0,comedy romance,-0.930580198764801,-1,0.05111450054807095
hellboy,2004,6.8,68619.0,action adventure fantasy,-0.9999910593032836,-1,-0.15406668411962915
hellraiser,1987,7.0,22922.0,horror,-0.9989099502563475,-1,-0.08198539408173149
high fidelity,2000,7.6,70464.0,comedy drama music romance,0.7602009773254395,1,-0.059251203637829
highlander,1986,7.2,41243.0,action fantasy,-0.9999051094055176,-1,0.009881892154131893
his girl friday,1940,8.1,20870.0,comedy drama romance,-0.9862099289894104,-1,-0.059549924524910716
hope and glory,1987,7.4,4965.0,drama war,-0.9994545578956604,-1,-0.04909170009442512
house of 1000 corpses,2003,5.6,27033.0,horror,-0.9999098777770996,-1,-0.15779567943177075
human nature,2001,6.3,10017.0,comedy drama,0.7027401924133301,1,0.05245628026113556
the hustler,1961,8.2,25871.0,drama romance sport,-0.9134117364883424,-1,0.03859183218093277
i am legend,2007,7.1,156084.0,drama sci-fi thriller,-0.9604657292366028,-1,0.05171038334568342
invaders from mars,1953,6.4,2115.0,horror sci-fi,-0.7392008900642395,-1,-0.047482766764504566
independence day,1996,6.6,151698.0,action adventure sci-fi thriller,-0.7191056609153748,-1,-0.11902833296809086
indiana jones and the last crusade,1989,8.3,174947.0,action adventure thriller action adventure fantasy,0.996090829372406,1,0.07841760398152478
indiana jones and the temple of doom,1984,7.5,112054.0,action adventure,-0.9060726165771484,-1,-0.12885502437363097
innerspace,1987,6.5,16854.0,action adventure comedy crime sci-fi,-0.9853256344795228,-1,-0.11934986419794036
the insider,1999,8.0,69660.0,biography drama thriller,-0.9889733195304872,-1,-0.16087983304230624
intolerable cruelty,2003,6.4,36739.0,comedy romance crime,-0.9845852255821228,-1,-0.031722565563850336
it happened one night,1934,8.3,25577.0,comedy romance,-0.9994112253189088,-1,-0.04502798248823884
jfk,1991,8.0,60406.0,biography drama history mystery thriller,-0.999925971031189,-1,-0.2709639889537523
jackie brown,1997,7.6,85496.0,crime drama thriller,-0.995652675628662,-1,-0.11786961241772301
jacob's ladder,1990,7.5,29182.0,drama mystery thriller,-0.9998990297317504,-1,-0.19093411615633418
juno,2007,7.9,152436.0,comedy drama,-0.9993119239807128,-1,-0.12544887768762994
kalifornia,1993,6.7,21830.0,crime drama thriller,-0.9998860359191896,-1,-0.14241901169652524
kids,1995,6.8,26546.0,crime drama,-0.9999842643737792,-1,-0.09089583045605457
knight moves,1992,5.8,3272.0,mystery thriller,-0.9998600482940674,-1,-0.18474142483785644
krull,1983,5.9,8246.0,fantasy action adventure sci-fi,0.9665360450744628,1,0.015084218706261839
l√©on,1994,8.6,204901.0,crime drama thriller,-0.996912717819214,-1,-0.05155688572314478
labor of love,1998,4.5,45.0,,-0.7706394195556641,-1,-0.10903368013746598
legally blonde,2001,6.2,44558.0,comedy,-0.996729612350464,-1,-0.1246979270763548
legend,1985,6.2,20907.0,fantasy adventure romance,0.9196505546569824,1,0.05705618159365408
life as a house,2001,7.5,19468.0,drama romance,-0.874882161617279,-1,-0.21578120735317174
the life of david gale,2003,7.3,38237.0,drama crime thriller,-0.9998569488525392,-1,-0.029120442596265613
little nicky,2000,5.0,35489.0,fantasy comedy romance animation comedy fantasy horror,-0.7559378743171692,-1,0.0049355809505169206
logan's run,1976,6.7,15152.0,action sci-fi,-0.9731740951538086,-1,-0.03840928135321579
lost highway,1997,7.6,42998.0,drama horror mystery thriller,-0.9999858140945436,-1,-0.17129307782827163
lost horizon,1937,7.8,5509.0,adventure drama fantasy mystery,-0.9980729818344116,-1,0.024229782643622223
men in black,1997,7.0,121719.0,action adventure comedy sci-fi,-0.9999914169311525,-1,-0.2208038198021719
minority report,2002,7.7,137009.0,action crime mystery sci-fi thriller action animation drama mystery sci-fi thriller,-0.9917489290237428,-1,-0.16315787085780392
made,2001,6.4,9774.0,comedy crime drama thriller,-0.9978175163269044,-1,-0.11314056725292415
malcolm x,1992,7.7,23317.0,biography drama history,-0.9988081455230712,-1,-0.044877047896919764
man on fire,2004,7.7,76517.0,action crime drama thriller,-0.9909544587135316,-1,-0.12515345659935706
marty,1955,7.7,6379.0,drama romance,-0.9982531666755676,-1,-0.056560170729603385
mash,1970,7.8,29358.0,comedy war drama,-0.9993487000465392,-1,-0.03483092144578931
meet john doe,1941,7.7,4841.0,comedy drama romance,-0.983694553375244,-1,-0.11661826028414299
metro,1997,5.3,9601.0,action comedy crime drama thriller,-0.9479726552963256,-1,0.006478402284112307
metropolis,1927,8.4,40730.0,adventure drama sci-fi,0.5072972178459167,1,-0.12664450786925935
mighty morphin power rangers,1994,8.2,35.0,action family,-0.9835118651390076,-1,0.11541172323074747
mobsters,1991,5.5,3574.0,crime drama,-0.9996488094329834,-1,0.06409663850561194
monkeybone,2001,4.5,8258.0,animation comedy fantasy romance,-0.9988123178482056,-1,-0.26353054879899807
my mother dreams the satan's disciples in new york,1998,6.7,70.0,short,-0.7756783366203308,-1,-0.07614085762227168
mr. smith goes to washington,1939,8.4,33984.0,drama,-0.9761077761650084,-1,-0.013681139940419858
mr. deeds goes to town,1936,8.0,7594.0,comedy romance,0.998499870300293,1,0.05340671333510553
mumford,1999,6.8,6333.0,comedy drama,-0.99136883020401,-1,-0.11848014143592152
the mummy,1999,6.9,96736.0,action adventure fantasy,-0.9988202452659608,-1,-0.11869102465478998
mystery men,1999,5.9,31817.0,action comedy fantasy,-0.992667019367218,-1,0.08042210856980407
napoleon,1995,5.5,486.0,family adventure,-0.9934979677200316,-1,0.01879499168307693
next friday,2000,5.4,10267.0,comedy,-0.9998936653137208,-1,-0.1498702658659308
nick of time,1995,6.2,15945.0,crime drama thriller,-0.9999606609344482,-1,0.009056924188390691
the night of the hunter,1955,8.2,26211.0,drama film-noir thriller,-0.9969049096107484,-1,0.023346900939941406
a nightmare on elm street,1984,7.4,47161.0,horror,0.9358816742897034,1,-0.09007000900493375
ninotchka,1939,7.9,6951.0,comedy romance,-0.7046902775764465,-1,0.08834720612292564
nixon,1995,7.1,13878.0,biography drama,-0.9996944665908812,-1,-0.17430193974421573
no country for old men,2007,8.3,202649.0,crime drama mystery thriller western,-0.9959561228752136,-1,-0.16198827683705685
nurse betty,2000,6.4,20473.0,comedy crime romance thriller,-0.9998316764831544,-1,-0.11253660582766241
o brother where art thou?,2000,7.8,95628.0,comedy adventure crime music,-0.9977412223815918,-1,-0.10243001127544837
an officer and a gentleman,1982,6.8,16883.0,drama romance,-0.9999275207519532,-1,-0.09080471023467465
panic room,2002,6.9,69824.0,thriller,-0.9944500923156738,-1,-0.23319021056425895
panther,1995,5.9,1129.0,drama,-0.9985087513923644,-1,-0.16909911919657777
the patriot,2000,6.9,79207.0,action drama war,-0.7637625336647034,-1,-0.02038622874962656
pet sematary,1989,6.3,19851.0,drama fantasy horror mystery thriller,-0.9978750944137572,-1,-0.04806402566749301
pirates of the caribbean,2003,7.2,329.0,adventure fantasy horror,-0.7803614735603333,-1,-0.05827608477261107
plastic man,1999,6.7,29.0,drama,-0.9990575909614564,-1,-0.09381412665889328
platinum blonde,1931,6.9,1119.0,comedy romance,-0.9885419607162476,-1,0.05259201966602623
pleasantville,1998,7.5,49669.0,comedy drama fantasy,-0.9284587502479552,-1,-0.07734037703937954
punch-drunk love,2002,7.4,50312.0,comedy drama romance,-0.9999439716339112,-1,-0.21094018173783194
quills,2000,7.3,22657.0,biography drama history romance,0.998502254486084,1,-0.011000984860945117
rko 281,1999,7.1,3543.0,biography drama,-0.9635000228881836,-1,-0.07265619531306025
raging bull,1980,8.4,91851.0,biography drama sport,-0.999653697013855,-1,-0.14724378270820496
rear window,1954,8.7,121165.0,crime mystery romance thriller,-0.9988532066345216,-1,-0.1693644231182144
rebel without a cause,1955,7.9,27791.0,drama romance,-0.9536374807357788,-1,-0.15270262708266577
reindeer games,2000,5.5,16951.0,action crime drama thriller,-0.9992929697036744,-1,-0.06463043286491106
reservoir dogs,1992,8.4,217185.0,crime mystery thriller,-0.9985482096672058,-1,-0.28495045086821996
roughshod,1949,6.9,115.0,action drama romance western,-0.9895493984222412,-1,-0.02911713184454502
scary movie 2,2001,4.7,44511.0,comedy,-0.99979168176651,-1,0.016798862666214883
serial mom,1994,6.4,11077.0,comedy thriller,-0.9985255599021912,-1,-0.043357898416759084
the seventh victim,1943,6.9,1596.0,drama horror thriller,-0.9998605251312256,-1,0.05168704286650503
sex lies and videotape,1989,7.1,18505.0,drama,-0.9999748468399048,-1,-0.19246483607099235
shivers,1975,6.5,4940.0,horror sci-fi,-0.999912977218628,-1,-0.19241610509437201
shock treatment,1981,5.4,1884.0,comedy musical,0.6687568426132202,1,0.06839074599938315
sideways,2004,7.8,70349.0,comedy drama romance,-0.9991440773010254,-1,0.04079866234849139
signs,2002,6.9,113119.0,drama mystery sci-fi thriller,-0.9912074208259584,-1,-0.10535346872453001
silverado,1985,7.0,14355.0,action western,-0.9960105419158936,-1,-0.02972759094582983
simone,2010,8.3,9.0,short drama horror thriller,-0.9999698400497437,-1,0.023550706117049507
the sixth sense,1999,8.2,244162.0,drama mystery thriller,-0.900913655757904,-1,-0.09802092943551405
slash,2002,4.2,899.0,comedy horror thriller,-0.9847967624664308,-1,-0.14327167978092115
slither,2006,6.6,26497.0,comedy horror sci-fi,-0.9940972328186036,-1,-0.182610914340386
smokey and the bandit,1977,6.6,14147.0,action comedy crime romance,-0.7051250338554382,-1,0.01565746175444156
smokin' aces,2006,6.6,58048.0,action crime drama thriller,-0.9766835570335388,-1,-0.319665068961441
solaris,2002,6.2,33541.0,drama mystery romance sci-fi,-0.9999505281448364,-1,-0.2508278344217585
someone to watch over me,1987,6.1,3909.0,action crime drama romance thriller,-0.9999392032623292,-1,-0.08541556596755981
spider-man,2002,7.4,169898.0,action adventure fantasy sci-fi action adventure sci-fi thriller,-0.9999328851699828,-1,-0.1625365816752116
stalag 17,1953,8.2,21182.0,drama war,-0.9998501539230348,-1,-0.0856593950935032
star trek: generations,1994,6.5,26662.0,action mystery sci-fi thriller,-0.8613802790641785,-1,-0.04197942819446325
star trek iii: the search for spock,1984,6.5,22466.0,action adventure sci-fi thriller,0.8392908573150635,1,0.128069368466525
star trek: the wrath of khan,1982,7.8,36503.0,action adventure sci-fi thriller,-0.9971344470977784,-1,0.03394852227311793
star trek iv: the voyage home,1986,7.3,26423.0,adventure comedy sci-fi,-0.9998880624771118,-1,0.03074880745731482
star trek: insurrection,1998,6.3,26728.0,action adventure sci-fi thriller,-0.9840360283851624,-1,-0.16927722717853302
star trek: first contact,1996,7.6,45429.0,action adventure sci-fi thriller,-0.9947983026504515,-1,-0.1640058179743819
star trek vi: the undiscovered country,1991,7.2,23751.0,action mystery sci-fi thriller,-0.8303785920143127,-1,-0.13787217435270252
star trek: nemesis,2002,6.4,28682.0,action sci-fi thriller,-0.994494378566742,-1,0.11623876728775645
starman,1984,6.9,14204.0,adventure drama romance sci-fi,0.5294543504714966,1,-0.04584522294998169
strange days,1995,7.1,27744.0,action crime drama fantasy music mystery sci-fi thriller,-0.999927282333374,-1,-0.16751194174867123
suspect zero,2004,5.8,9914.0,crime horror sci-fi thriller,-0.9997181296348572,-1,-0.25532614183129115
swingers,1996,7.6,32427.0,comedy drama,-0.9984238147735596,-1,-0.10930744640093117
the godfather,1972,9.2,419312.0,crime drama thriller,-0.989592432975769,-1,0.04544706860285127
the talented mr. ripley,1999,7.2,64055.0,crime drama thriller,-0.9993939399719238,-1,-0.06959635149065746
taxi driver,1976,8.6,159525.0,drama thriller,-0.9846742153167723,-1,-0.11920374692210302
the rock,1996,7.3,109533.0,action adventure thriller,-0.9998546838760376,-1,-0.3889321217665801
the majestic,2001,6.8,25057.0,drama romance,0.5297642350196838,1,-0.0857133340978909
the birds,1963,7.9,53233.0,horror romance thriller,-0.9996102452278136,-1,-0.03518554440517138
the body snatcher,1945,7.4,2927.0,drama horror thriller,0.9695960879325868,1,-0.02606831167835787
the crow: salvation,2000,4.7,4566.0,action crime fantasy mystery thriller,-0.999285876750946,-1,-0.1517015442049881
the day the earth stood still,2008,5.5,52489.0,drama sci-fi thriller,-0.9426928758621216,-1,0.04300091228887714
the lost boys,1987,7.0,34826.0,comedy fantasy horror thriller,-0.9643281698226928,-1,-0.011708805782605062
the thing,1982,8.2,80904.0,horror mystery sci-fi thriller,-0.9998501539230348,-1,-0.2988895615055773
the time machine,2002,5.7,32900.0,sci-fi adventure action,-0.9990137815475464,-1,0.09571727932545177
the jacket,2005,7.1,36581.0,drama fantasy mystery sci-fi thriller,-0.9999896287918092,-1,-0.2070938417252074
thelma & louise,1991,7.3,44372.0,crime drama thriller,-0.9999592304229736,-1,-0.1808058202266693
there's something about mary,1998,7.2,97546.0,comedy romance,-0.9999537467956544,-1,-0.09561951069966086
thirteen days,2000,7.3,23732.0,drama history thriller,-0.9997472167015076,-1,-0.1897197827282879
thunderheart,1992,6.6,6662.0,crime mystery thriller western,-0.992856502532959,-1,-0.16958700525595846
top gun,1986,6.5,81087.0,action drama romance,-0.596714437007904,-1,-0.02827474337065239
total recall,1990,7.4,71383.0,action adventure sci-fi thriller,-0.9999301433563232,-1,-0.09873444524233593
tremors,1990,7.1,30553.0,action comedy horror thriller,-0.7997602224349976,-1,-0.11194055347891725
true believer,1989,6.7,1801.0,drama crime,-0.8913646936416626,-1,-0.21638162781421402
twin peaks: fire walk with me,1992,7.0,21274.0,drama horror mystery thriller,-0.991005539894104,-1,-0.02694615778518095
the verdict,1982,7.7,10991.0,drama,-0.9974699020385742,-1,-0.07463547817933074
the war of the worlds,1953,7.1,12239.0,action horror sci-fi thriller,-0.9996132254600524,-1,-0.03249359513349074
new nightmare,1994,6.3,14975.0,fantasy horror mystery thriller,-0.972895085811615,-1,-0.10073330129186313
white squall,1996,6.4,8465.0,adventure drama,0.9947863817214966,1,-0.06547720434670458
wild at heart,1990,7.2,29388.0,crime romance thriller,0.8356482982635498,1,-0.12217572776074768
wonder boys,2000,7.5,31853.0,drama comedy,-0.9985952973365784,-1,-0.18074086220514957
the woodsman,2004,7.4,16090.0,drama,-0.9802407026290894,-1,-0.07738731816871879
the abyss,1989,7.6,51699.0,action adventure drama sci-fi thriller,-0.9774585366249084,-1,-0.1972365648173437
l'avventura,1960,7.9,6963.0,drama mystery,-0.9996353387832642,-1,-0.14121439398312177
agnes of god,1985,6.5,3490.0,drama mystery thriller,-0.9999332427978516,-1,-0.15575070187135379
a hard day's night,1964,7.6,15431.0,comedy music,-0.9916565418243408,-1,0.030663259515874904
alien,1979,8.5,184471.0,adventure horror sci-fi thriller,-0.9998544454574584,-1,-0.3093365414824343
alien vs. predator,1993,7.8,116.0,action adventure sci-fi,-0.9999911785125732,-1,-0.2595028896213841
all about eve,1950,8.5,35597.0,drama,-0.98026305437088,-1,0.010654479324937106
all the president's men,1976,8.0,32717.0,drama history thriller,-0.9999593496322632,-1,-0.25123600659198664
american pie,1999,6.9,107961.0,comedy romance,-0.9999040365219116,-1,-0.043229896177365945
an american werewolf in paris,1997,4.9,10158.0,horror romance thriller comedy,-0.9996175765991212,-1,-0.22053415703838464
anastasia,1997,6.6,16844.0,animation adventure drama family musical animation family,-0.998247504234314,-1,0.0006580388980355822
annie hall,1977,8.3,66781.0,comedy drama romance,-0.9817184209823608,-1,0.10214373513569817
the anniversary party,2001,6.2,5809.0,drama comedy,-0.9996292591094972,-1,0.02106302265535321
antz,1998,6.8,37825.0,animation adventure comedy family,-0.9997488856315612,-1,-0.04013485862658574
the apartment,1960,8.4,37301.0,romance comedy drama,-0.9952215552330016,-1,-0.1146483365407924
apocalypse now,1979,8.6,176465.0,drama war,-0.9999791383743286,-1,-0.08162406769264427
arctic blue,1993,4.8,464.0,action thriller,-0.975028932094574,-1,-0.20406181592467829
as good as it gets,1997,7.8,93201.0,comedy drama romance,-0.9999687671661376,-1,-0.14978834480207168
assassins,1995,6.0,23681.0,action thriller crime,-0.9996188879013062,-1,-0.10700847345780289
asylum,2005,6.1,2395.0,drama romance thriller,-0.999980092048645,-1,-0.12516823837955224
a walk to remember,2002,7.1,38751.0,drama romance,0.9826244711875916,1,-0.003376049704329912
back to the future,1985,8.4,207376.0,adventure family sci-fi,-0.9679161310195924,-1,-0.06927825768052796
badlands,1973,7.9,16753.0,crime drama romance thriller,-0.985784351825714,-1,-0.17216194048523903
the adventures of buckaroo banzai across the 8th dimension,1984,6.0,10046.0,adventure romance comedy sci-fi,-0.9998795986175536,-1,-0.2549399823423416
barton fink,1991,7.8,33119.0,drama mystery thriller,-0.9997710585594176,-1,-0.0845620568435971
basic instinct,1992,6.9,57615.0,mystery romance thriller,-0.9997519850730896,-1,-0.22868113484240166
basquiat,1996,6.7,8016.0,biography drama,-0.9998836517333984,-1,0.024336376013579193
batman returns,1992,6.9,79770.0,action crime fantasy thriller animation crime fantasy action thriller,-0.991320788860321,-1,-0.10678603072867009
batman and robin,1949,6.5,443.0,action adventure crime drama sci-fi,-0.970179557800293,-1,-0.015306933697324124
batman forever,1995,5.4,77223.0,action crime fantasy thriller,-0.9972636699676514,-1,-0.12060967193552728
batman,1989,7.6,112731.0,crime drama thriller action adventure crime,-0.9023723602294922,-1,-0.12807003511026643
bean,1997,5.8,27131.0,comedy family,-0.9999613761901855,-1,0.08277377546072964
beavis and butt-head do america,1996,6.6,23149.0,animation adventure comedy crime,-0.9992201328277588,-1,-0.01831586889384948
beetle juice,1988,7.3,62164.0,comedy fantasy,-0.9513930082321168,-1,-0.12297548342297096
being there,1979,8.0,25085.0,drama comedy,0.9946216344833374,1,0.2957759194335733
being john malkovich,1999,7.9,115008.0,comedy drama fantasy romance,0.9754287004470824,1,0.05174430616403276
beloved,1998,5.6,4014.0,drama mystery,-0.9992818236351012,-1,-0.049042654434839884
the big lebowski,1998,8.2,182170.0,comedy crime mystery,-0.997163712978363,-1,-0.27739050560758594
the black dahlia,2006,5.6,35706.0,crime drama history mystery thriller,0.7178921103477478,1,0.4362568746913563
blade ii,2002,6.6,51826.0,action fantasy horror thriller action adventure horror,-0.9987592697143556,-1,-0.23453733746598407
blade,1998,7.0,65885.0,action adventure fantasy horror thriller,-0.9999622106552124,-1,-0.21840438224651196
book of shadows: blair witch 2,2000,4.1,16285.0,crime horror mystery thriller,-0.9999802112579346,-1,-0.27004221424143365
blood simple.,1984,7.8,28901.0,crime drama thriller,-0.99956876039505,-1,-0.2847516524423029
bloodmoon,1997,4.5,269.0,action thriller,-0.7394341230392456,-1,-0.10308455786056067
blow,2001,7.4,71334.0,biography crime drama,-0.7262740731239319,-1,-0.05822458594690922
la battaglia di algeri,1966,8.2,14339.0,drama history war,-0.9985737800598145,-1,-0.11533922097814364
body of evidence,1993,4.1,6052.0,drama romance thriller,-0.9428128004074096,-1,-0.2192776283439325
the bridges of madison county,1995,7.2,22252.0,drama romance,-0.9999837875366212,-1,-0.09212843855986229
bones,2001,4.0,3525.0,crime horror,-0.9981166124343872,-1,-0.20542538368359559
bound,1996,7.5,23772.0,crime drama thriller,-0.9997780919075012,-1,-0.18752416669291197
the bourne identity,2002,7.7,124918.0,action adventure mystery thriller,-0.9995108842849731,-1,-0.250514612290691
brazil,1985,8.0,77350.0,drama fantasy sci-fi,-0.971625030040741,-1,-0.08629129135780886
bringing out the dead,1999,6.8,31285.0,drama thriller,-0.9986735582351683,-1,-0.19311966803338793
broadcast news,1987,7.1,10559.0,comedy drama romance,-0.9998190999031068,-1,-0.048084444635444215
a bucket of blood,1959,6.8,1892.0,comedy horror,-0.9999345541000366,-1,0.04294379419178479
buffy the vampire slayer,1992,5.3,16206.0,horror comedy action,-0.9994565844535828,-1,-0.09953364361333483
bull durham,1988,7.0,18941.0,comedy romance sport,-0.9993324875831604,-1,-0.018883602994103587
casino,1995,8.1,111223.0,biography crime drama,-0.999640941619873,-1,-0.06378366912112517
catwoman,2004,3.2,35065.0,action crime fantasy,-0.9793919920921326,-1,-0.05149056846305872
cellular,2004,6.5,32920.0,action crime thriller,-0.9980437755584716,-1,-0.16884373950066967
the crying game,1992,7.3,21394.0,drama thriller,-0.9031569957733154,-1,-0.03178766795567104
charade,1963,8.0,22815.0,comedy mystery romance thriller,-0.9998024106025696,-1,-0.15321065552661875
cherry falls,2000,4.8,5669.0,horror mystery thriller,-0.9999222755432128,-1,-0.1916912592883803
chill factor,1999,4.9,5381.0,action adventure comedy thriller,-0.999561607837677,-1,-0.024510589674795316
chinatown,1974,8.5,80698.0,crime drama mystery thriller,-0.9931586384773254,-1,-0.13166009875603651
nuovo cinema paradiso,1988,8.5,46801.0,comedy drama romance,-0.9997630715370178,-1,-0.16159645599477432
citizen kane,1941,8.6,140517.0,drama mystery,0.8593744039535522,1,0.05670824179462358
clerks.,1994,8.0,90972.0,comedy,-0.9999704360961914,-1,-0.23125442850768238
cliffhanger,1993,6.2,34880.0,action adventure thriller,-0.9816370606422424,-1,-0.08683610835979724
a clockwork orange,1971,8.5,197372.0,crime drama sci-fi,-0.978113889694214,-1,0.05440284348939822
collateral,2004,7.8,106866.0,crime drama thriller,-0.9441668391227722,-1,-0.20606683152798186
conspiracy theory,1997,6.5,36045.0,action crime mystery romance thriller,-0.999627947807312,-1,-0.20382187186285508
contact,1997,7.4,75043.0,drama mystery sci-fi thriller,-0.9999902248382568,-1,-0.14863276921515095
cool hand luke,1967,8.3,46514.0,crime drama,-0.9999446868896484,-1,0.03550451270307596
copycat,1995,6.5,17335.0,crime mystery thriller,-0.9991590976715088,-1,-0.22684850345958363
crash,2004,8.0,174003.0,crime drama,-0.9999760389328004,-1,-0.23774445473730982
crazy love,2007,7.0,944.0,documentary,-0.9998494386672974,-1,-0.032622389951530766
crime spree,2003,6.4,3129.0,action comedy crime,-0.999891996383667,-1,-0.16233346789016337
crouching tiger hidden dragon,2003,8.0,1091.0,action,-0.9991037249565125,-1,-0.027327246826850563
the crow,1994,7.6,55886.0,action crime fantasy thriller,-0.9999606609344482,-1,-0.07007080880702768
cruel intentions,1999,6.7,67532.0,drama romance thriller,-0.999929666519165,-1,-0.10868050344785055
the curse of the cat people,1944,6.9,2067.0,drama fantasy horror,0.8728772401809692,1,0.18174259269779378
the curse,1987,4.5,627.0,sci-fi horror,-0.9997819066047668,-1,-0.3392623023266362
dark city,1998,7.8,64262.0,mystery sci-fi thriller,-0.999970316886902,-1,-0.2754621758439024
dave,1993,6.8,20807.0,comedy romance,-0.9999641180038452,-1,-0.10985818179416847
day of the dead,1985,7.0,22746.0,horror sci-fi,-0.9980164766311646,-1,-0.20665050420946288
dead poets society,1989,7.8,90842.0,drama,-0.996826946735382,-1,0.020856290743286005
deep rising,1998,5.7,12638.0,action horror sci-fi thriller,-0.8772215247154236,-1,-0.11546903095026126
the deer hunter,1978,8.2,89841.0,drama war,0.8677531480789185,1,0.01553334332507747
demolition man,1993,6.3,46318.0,action crime sci-fi,-0.9939644932746888,-1,-0.013472730963930438
the devil and daniel webster,2004,5.7,1824.0,comedy drama fantasy,0.8750653862953186,1,0.06591278702860147
die hard,1988,8.3,185430.0,action crime thriller,-0.998076558113098,-1,-0.08575725463366417
dog day afternoon,1975,8.2,61120.0,crime drama,-0.9933950304985046,-1,-0.18425042001623212
domino,2005,5.9,32949.0,action crime drama thriller,0.9119907021522522,1,-0.12637073296234322
do the right thing,1989,7.9,27164.0,drama,-0.9998080134391784,-1,-0.007201897137759945
dumb and dumberer: when harry met lloyd,2003,3.3,14984.0,comedy,-0.998976469039917,-1,0.05805739838947621
dune,1984,6.5,38954.0,action adventure sci-fi,0.9898024201393129,1,0.07622011078214183
ed wood,1994,8.1,75704.0,biography comedy drama,0.9997429251670836,1,-0.11487965361977165
edtv,1999,6.1,21865.0,comedy,-0.9974939823150636,-1,-0.16873021300496727
election,1999,7.4,37868.0,comedy drama,-0.9992245435714722,-1,0.08201754093170166
enemy of the state,1998,7.2,67504.0,action drama thriller,-0.999947428703308,-1,-0.19609966264133566
the english patient,1996,7.3,55247.0,romance drama war,-0.849972665309906,-1,-0.09276341758998094
entrapment,1999,6.1,41120.0,action crime romance thriller,-0.9034330248832704,-1,-0.04104971532006122
erin brockovich,2000,7.2,55641.0,biography drama romance,-0.9975796341896056,-1,-0.21648240318665138
star wars: the empire strikes back,1982,8.0,42.0,animation adventure action fantasy,-0.7691327333450317,-1,-0.09562357069120525
escape from the planet of the apes,1971,6.1,7754.0,sci-fi thriller,-0.965246081352234,-1,-0.00024913311004638673
escape from l.a.,1996,5.3,23551.0,action adventure sci-fi thriller,-0.999832034111023,-1,-0.07441721503514363
excalibur,1981,7.4,24550.0,adventure drama fantasy,0.9035503268241882,1,0.2660260157925742
the exorcist,1973,8.1,106383.0,horror thriller,-0.9996602535247804,-1,-0.12640548946430727
the fabulous baker boys,1989,6.7,9433.0,drama music romance,-0.997911274433136,-1,-0.08004794537056978
face/off,1997,7.3,103386.0,action crime drama sci-fi thriller,-0.9989545345306396,-1,-0.16543373838067055
the family man,2000,6.6,34509.0,comedy fantasy drama romance,-0.9999217987060548,-1,0.052603096208868945
the fantastic four,1994,3.8,1472.0,action adventure sci-fi fantasy,-0.9989732503890992,-1,-0.04767095144480875
fantastic voyage,1966,6.8,5231.0,adventure sci-fi,-0.999942421913147,-1,-0.13505774959921837
fargo,1996,8.3,168176.0,crime drama thriller,-0.9957691431045532,-1,-0.1724559177435102
fight club,1999,8.8,391697.0,crime drama mystery thriller,-0.9891296625137328,-1,-0.13848808471531793
final destination 2,2003,6.4,36312.0,horror thriller,-0.9999688863754272,-1,-0.19654017496109008
final destination,2000,6.8,53422.0,horror thriller,-0.9999221563339232,-1,-0.26917941979507903
rambo: first blood part ii,1985,5.8,39147.0,action adventure thriller,-0.9999374151229858,-1,-0.19314247391519757
the fisher king,1991,7.5,28310.0,comedy drama romance,-0.9986978769302368,-1,-0.09372285942910082
five easy pieces,1970,7.5,11969.0,drama,-0.9928983449935912,-1,-0.05702735229393319
the french connection,1971,7.9,34062.0,action crime thriller,-0.9990314245224,-1,-0.3264025574730289
frequency,2000,7.3,36396.0,crime drama sci-fi thriller,-0.9999247789382936,-1,-0.09542732484200421
friday the 13th part iii,1982,5.1,11718.0,horror,-0.99680894613266,-1,-0.12082428074954601
jason lives: friday the 13th part vi,1986,5.3,9919.0,comedy horror thriller,-0.7719916701316833,-1,-0.034167531248811
jason goes to hell: the final friday,1993,4.1,8894.0,horror thriller,-0.9999396800994872,-1,-0.13184279203414917
friday the 13th part viii: jason takes manhattan,1989,3.9,10288.0,horror,-0.9985173344612122,-1,-0.18270694477516308
game 6,2005,6.0,1414.0,comedy drama sport,-0.9999632835388184,-1,0.012910356141824638
gandhi,1982,8.2,52160.0,biography drama history,0.9609102606773376,1,-0.07296086763724302
gattaca,1997,7.8,72063.0,drama romance sci-fi thriller,0.8053877353668213,1,-0.11829956227201756
the getaway,1972,7.5,10151.0,action adventure crime thriller,-0.9989727735519408,-1,0.019840820931572203
get carter,2000,4.8,14319.0,action crime drama thriller,-0.998995840549469,-1,-0.08481967614052144
glengarry glen ross,1992,7.9,32882.0,drama,-0.9998823404312134,-1,-0.15037202505933708
the godfather: part ii,1974,9.0,251290.0,crime drama thriller,-0.9989385008811952,-1,0.005324711995338326
gods and monsters,1998,7.5,16063.0,biography drama,-0.9365079402923584,-1,-0.048845375367324716
gone in sixty seconds,2000,6.0,74474.0,action crime thriller,-0.9999799728393556,-1,-0.09677132564230849
goodfellas,1990,8.8,234582.0,crime drama thriller,-0.9999837875366212,-1,-0.7189009731466119
good will hunting,1997,8.1,154419.0,drama,-0.8735350966453552,-1,0.0003329982543683618
the grapes of wrath,1940,8.3,23850.0,drama,-0.9680803418159484,-1,-0.07214028805494309
grosse pointe blank,1997,7.4,41877.0,comedy crime romance thriller,-0.9965226650238036,-1,0.011834064841548324
the horse whisperer,1998,6.4,15953.0,drama romance western,-0.9064505696296692,-1,-0.036721792850790726
hackers,1995,5.8,27009.0,action crime drama thriller,-0.9995231628417968,-1,-0.18361893432686127
halloween 4: the return of michael myers,1988,5.6,11315.0,horror thriller,-0.9945110082626344,-1,0.03167343640672988
halloween,1978,7.9,64690.0,horror thriller,-0.9083513021469116,-1,-0.04934806703393015
hannah and her sisters,1986,7.9,21088.0,comedy drama romance,0.9934117197990416,1,-0.0448287564522257
hannibal,2001,6.4,75788.0,crime thriller,-0.9998834133148192,-1,-0.1451077824389493
happy campers,2001,5.4,1785.0,comedy,-0.9996955394744872,-1,-0.14063114494085313
heathers,1989,7.3,25236.0,comedy crime,-0.9999508857727052,-1,-0.18771407261962147
heavenly creatures,1994,7.6,27211.0,crime drama fantasy thriller,-0.970162272453308,-1,0.10386688302202922
hellraiser: hellseeker,2002,4.9,3400.0,horror mystery thriller,-0.9999669790267944,-1,-0.25902435042568156
hero,1992,6.3,10573.0,comedy drama,-0.9964215755462646,-1,-0.09945062989351518
hider in the house,1989,5.6,394.0,thriller,-0.6288143992424011,-1,-0.06778799633722048
highlander iii: the sorcerer,1994,3.9,7831.0,fantasy sci-fi action,-0.998768389225006,-1,-0.06649215944665228
hostage,2005,6.6,37868.0,action crime drama thriller,-0.9960275888442992,-1,-0.07043041525600112
hotel rwanda,2004,8.3,94404.0,adventure drama history thriller war,-0.9990755319595336,-1,-0.07705126138347568
house on haunted hill,1999,5.3,23127.0,horror mystery thriller,-0.9997912049293518,-1,-0.24513214670414488
house of the damned,1996,4.3,216.0,action horror thriller,-0.9835716485977172,-1,-0.057473274419106636
hellraiser iii: hell on earth,1992,5.1,7716.0,horror,-0.9964516162872314,-1,-0.07157712267259511
hudson hawk,1991,5.4,22116.0,action adventure comedy action adventure comedy crime,-0.998399555683136,-1,-0.19734816075066436
the hudsucker proxy,1994,7.4,32691.0,comedy drama fantasy romance,-0.9991982579231262,-1,-0.16298566435305578
i walked with a zombie,1943,7.3,3420.0,horror,-0.999319553375244,-1,-0.06896307468414306
the ice storm,1997,7.5,27724.0,drama,-0.990433931350708,-1,-0.07844770126490794
insomnia,2002,7.3,69635.0,crime drama mystery thriller,-0.99592387676239,-1,-0.06988195747348434
interview with the vampire: the vampire chronicles,1994,7.4,80077.0,drama fantasy,0.9705838561058044,1,0.049796658991767676
i still know what you did last summer,1998,4.1,23543.0,horror mystery thriller,-0.9953568577766418,-1,-0.15736794685200883
isle of the dead,1945,6.6,1405.0,drama horror mystery thriller,-0.9999743700027466,-1,-0.14650211173020225
it's a wonderful life,1946,8.7,103290.0,drama fantasy romance,-0.9999942779541016,-1,-0.0007718860263555823
jaws 2,1978,5.6,18995.0,thriller,-0.9965443015098572,-1,-0.07381400864245155
jaws 3-d,1983,3.3,12839.0,thriller,-0.8228835463523865,-1,-0.0010061248754843688
jaws: the revenge,1987,2.6,15727.0,thriller,-0.8857825398445129,-1,-0.02596405470182025
the jazz singer,1927,6.8,3252.0,drama music romance,0.9849751591682434,1,0.18832508875773504
jennifer eight,1992,6.2,6224.0,thriller mystery,-0.98932683467865,-1,-0.38256160262972116
jerry maguire,1996,7.3,79706.0,comedy drama romance sport,-0.9981704950332642,-1,0.09399978240782564
jurassic park iii,2001,5.7,62564.0,action adventure sci-fi thriller,-0.7885010242462158,-1,0.033604492147061515
the lost world: jurassic park,1997,6.0,78169.0,action adventure sci-fi thriller action adventure animation horror sci-fi thriller,-0.9991525411605836,-1,-0.2160162219148598
jurassic park,1993,7.9,153737.0,action adventure family sci-fi action adventure fantasy sci-fi,-0.999992609024048,-1,-0.1324771301445539
freddy vs. jason,2003,5.8,39850.0,horror thriller,-0.9968546628952026,-1,-0.30399474130797494
kafka,1991,6.9,4467.0,comedy drama mystery sci-fi thriller,-0.9966074228286744,-1,-0.09753484640576796
king kong,2005,7.6,134187.0,adventure drama romance,0.9389123320579528,1,-0.02489502749581268
klute,1971,7.2,6901.0,mystery romance thriller,-0.9872339963912964,-1,-0.214211046953738
kramer vs. kramer,1979,7.7,25836.0,drama,-0.6866501569747925,-1,-0.08725375110267573
kundun,1997,7.1,10378.0,biography drama history war,-0.9920404553413392,-1,-0.0012353611520574063
lake placid,1999,5.4,19621.0,action comedy horror thriller,-0.9993707537651062,-1,-0.21346419263514968
the silence of the lambs,1991,8.7,251237.0,crime thriller,-0.999503254890442,-1,-0.1011545487304232
last of the mohicans,1977,7.3,71.0,action adventure war,-0.9980382323265076,-1,-0.04277088795788586
leviathan,1989,5.3,4751.0,adventure horror mystery sci-fi thriller,-0.9992881417274476,-1,-0.23310929609953993
lock stock and two smoking barrels,1998,8.2,129117.0,crime thriller,-0.9995880722999572,-1,-0.1311567391006692
lone star,1996,7.6,14666.0,drama mystery romance western,-0.9999958276748656,-1,-0.04872321772437564
lord of illusions,1995,5.6,5031.0,fantasy horror mystery thriller,-0.9997443556785583,-1,-0.16824608785924078
lost in translation,2003,7.9,132645.0,drama romance,-0.9874131679534912,-1,-0.03603064410525597
lost souls,2000,4.6,6663.0,drama horror thriller romance,-0.9725268483161926,-1,-0.16998834304100605
love & basketball,2000,6.7,5907.0,drama romance sport,-0.9999632835388184,-1,-0.1052478945758492
magnolia,1999,8.0,123476.0,drama,-0.9992173910140992,-1,-0.20616028711958417
the man in the iron mask,1998,6.1,36684.0,action adventure drama history,-0.687978208065033,-1,-0.003576184546998642
manhunt,2003,8.7,736.0,action adventure crime horror thriller,-0.6877931952476501,-1,-0.27148598579972877
manhunter,1986,7.2,21649.0,crime thriller,-0.9999233484268188,-1,-0.04272085730709247
man on the moon,1999,7.4,49915.0,biography comedy drama,-0.8230359554290771,-1,-0.1944195938567384
the matrix,1999,8.7,389480.0,action adventure adventure adventure sci-fi,-0.9837945103645324,-1,-0.10340756165738009
halloween iii: season of the witch,1982,3.8,13037.0,horror mystery sci-fi,-0.9727857708930968,-1,-0.1622158601745829
meet joe black,1998,6.9,56839.0,drama fantasy mystery romance,0.9846094846725464,1,0.05863536290885989
memento,2000,8.7,281027.0,crime drama mystery thriller,-0.9998914003372192,-1,-0.2266175915988592
miami vice,2006,6.0,52448.0,action crime drama thriller,-0.9855450987815856,-1,-0.0800748023170012
midnight cowboy,1969,8.0,34405.0,drama,-0.9998440742492676,-1,-0.16382669595133262
midnight express,1978,7.6,24103.0,biography crime drama thriller,-0.9989504814147948,-1,-0.30715524141605083
mimic,1997,5.7,14916.0,drama horror sci-fi,-0.9760650992393494,-1,-0.19393570186719614
misery,1990,7.8,41563.0,thriller,-0.9998499155044556,-1,0.04280467402367365
mission: impossible ii,2000,5.7,86452.0,action adventure thriller,-0.9994885921478271,-1,-0.15336741141059942
mission: impossible,1996,6.9,87677.0,action adventure thriller,-0.9983195662498474,-1,-0.09866532401179606
moonstruck,1987,7.1,15879.0,comedy romance drama,-0.936288058757782,-1,-0.014036663864835009
monty python and the holy grail,1975,8.4,157683.0,adventure comedy,-0.9999661445617676,-1,0.029608216803798253
mrs brown,1997,7.2,5701.0,biography drama history romance,-0.9316786527633668,-1,0.051914231658476515
arcade,1993,4.6,668.0,sci-fi,-0.999950647354126,-1,-0.20726831783592478
mulholland dr.,2001,8.0,105859.0,drama mystery thriller,-0.9998441934585572,-1,-0.06041672233357487
my girl 2,1994,4.8,5689.0,comedy drama family romance,-0.9999592304229736,-1,0.0062024214720983965
my girl,1991,6.4,17967.0,comedy drama family romance,0.968377947807312,1,0.022011636862388023
my best friend's wedding,1997,6.2,37682.0,comedy romance,0.5723751187324524,1,0.04818328854649566
nashville,1975,7.7,9315.0,drama music,-0.9998451471328736,-1,0.03800293673639712
natural born killers,1994,7.1,73047.0,action crime drama romance thriller,0.6653904318809509,1,0.0306380668890129
nothing but a man,1964,7.8,448.0,drama romance,-0.8099759817123413,-1,0.037173441432322804
the negotiator,1998,7.2,46983.0,action crime drama mystery thriller,-0.9992710947990416,-1,-0.3553451834053829
neuromancer,1988,9.3,48.0,action adventure animation sci-fi,-0.9999382495880128,-1,-0.10250384587768122
never been kissed,1999,5.7,27409.0,comedy drama romance,-0.9999268054962158,-1,-0.005624851355185876
the nightmare before christmas,1993,8.0,81753.0,animation family fantasy musical,-0.9996490478515624,-1,-0.01344848433627358
a nightmare on elm street part 2: freddy's revenge,1985,4.9,16582.0,fantasy horror thriller,-0.9933068156242372,-1,-0.24393598716783327
a nightmare on elm street 3: dream warriors,1987,6.3,17734.0,fantasy horror thriller,-0.9720981121063232,-1,-0.07726383883328665
notting hill,1999,6.9,67217.0,comedy romance,-0.9999812841415404,-1,-0.06464036515364224
one flew over the cuckoo's nest,1975,8.9,219739.0,drama,-0.997675359249115,-1,0.09645027287325628
only you,1994,6.2,6620.0,comedy romance,-0.999721109867096,-1,-0.057342152001191284
on the waterfront,1954,8.4,42010.0,crime drama romance,-0.9999369382858276,-1,0.1074241931911931
orgy of the dead,1965,2.5,1395.0,fantasy horror,-0.8779304623603821,-1,0.027383373734729537
out of sight,1998,7.2,38595.0,comedy crime romance thriller,-0.9970434308052064,-1,-0.20057305523327418
pearl harbor,2001,5.4,97519.0,action drama romance war,-0.9930340051651,-1,0.025611390973009716
peggy sue got married,1986,6.3,12574.0,comedy drama fantasy romance,-0.8977387547492981,-1,0.042173725366592404
pet sematary ii,1992,4.2,6014.0,action horror thriller,-0.9998053908348083,-1,-0.10401136454918401
philadelphia,1993,7.6,54221.0,drama,-0.9972477555274964,-1,-0.07368974608613511
pitch black,2000,7.0,55982.0,action sci-fi thriller,-0.9983689188957214,-1,-0.2710708788552209
planet of the apes,2001,5.5,73596.0,action adventure sci-fi thriller animation action adventure sci-fi,-0.9980196952819824,-1,-0.13797142374806287
platoon,1986,8.2,110867.0,action drama war,-0.9971951246261596,-1,-0.16261498734616397
playback,1996,3.6,164.0,thriller,-0.999922513961792,-1,-0.13131058726991926
the ploughman's lunch,1983,6.8,154.0,drama,-0.9998098015785216,-1,0.1876949355799771
point break,1991,6.9,37722.0,action adventure crime drama sport thriller,-0.8151471018791199,-1,-0.02215958472822799
predator,1987,7.8,90730.0,action adventure sci-fi thriller,-0.9822940230369568,-1,-0.1918816373461769
pretty woman,1990,6.7,61642.0,comedy romance,-0.9998785257339478,-1,-0.07737825051614433
the princess bride,1987,8.1,125281.0,adventure comedy family fantasy romance,-0.9858947992324828,-1,-0.09009670142383013
the producers,1968,7.7,19432.0,comedy,-0.9999802112579346,-1,-0.009743232125291428
psycho,1960,8.7,146915.0,drama horror mystery thriller thriller,-0.999915599822998,-1,-0.21664220852087873
maniac,1980,6.2,3382.0,drama horror thriller,0.9150217175483704,1,-0.17378655024643602
vampyr,1932,7.6,4005.0,fantasy horror,-0.6096311211585999,-1,-0.13230396807193756
mystery of the wax museum,1933,6.8,1740.0,horror mystery thriller,-0.9851087927818298,-1,-0.04946689565188486
quantum project,2000,4.8,47.0,short adventure drama romance,-0.9965928196907043,-1,-0.02496074393110455
rambling rose,1991,6.6,2631.0,drama,-0.999864101409912,-1,-0.01691768807886488
red white black & blue,2006,6.3,37.0,documentary,-0.9999837875366212,-1,-0.14190721891286834
star wars: episode vi - return of the jedi,1983,8.3,215058.0,action adventure fantasy sci-fi,0.992676854133606,1,0.22345352766614307
the rocky horror picture show,1975,7.1,42713.0,comedy musical,0.902683675289154,1,0.11739263931910197
rocky,1976,8.1,100022.0,drama romance sport,-0.999691128730774,-1,-0.0947158643666351
who framed roger rabbit,1988,7.6,54375.0,animation comedy crime family fantasy mystery animation adventure action fantasy,-0.99851793050766,-1,-0.1064220465970843
romeo and juliet,1968,7.8,12360.0,drama romance,-0.9974603652954102,-1,0.0773398946313297
ronin,1998,7.2,58201.0,action crime thriller,-0.5992136001586914,-1,-0.09274889312792516
route 9,1998,6.0,557.0,crime drama,-0.8628644943237305,-1,-0.26877474450435573
rush hour 2,2001,6.5,52716.0,action comedy crime thriller,-0.9897539615631104,-1,-0.14471084269944412
rush hour,1998,6.8,56376.0,action comedy thriller crime,-0.8733050227165222,-1,-0.1924878145441597
runaway bride,1999,5.2,28793.0,comedy romance,-0.9202760457992554,-1,-0.011917212122195476
sleepless in seattle,1993,6.6,44179.0,comedy romance drama,-0.9999285936355592,-1,0.006016102327112241
salt of the earth,1954,7.6,1085.0,drama history,-0.999422550201416,-1,-0.16908901610136945
the salton sea,2002,7.1,16669.0,crime drama mystery thriller,-0.977011263370514,-1,-0.14325111300396404
saving private ryan,1998,8.5,275666.0,action drama history war,-0.9997060894966124,-1,-0.1380144713087852
say anything...,1989,7.5,25220.0,comedy drama romance,-0.9999866485595704,-1,0.05165775699871308
schindler's list,1993,8.9,282473.0,biography drama history war,-0.5628196001052856,-1,0.034330990607455626
scream 2,1997,5.9,48988.0,horror mystery thriller,-0.9999562501907348,-1,-0.19798825913146614
scream 3,2000,5.3,38870.0,horror mystery thriller,-0.8045068979263306,-1,-0.1514339699931101
scream,1996,7.2,92543.0,crime horror mystery thriller,-0.9991371035575868,-1,-0.2316747878531924
seven,1979,6.1,259.0,action drama,-0.9999419450759888,-1,-0.18296361768216116
seven days to live,2000,5.2,1150.0,drama horror thriller,-0.9999669790267944,-1,-0.12055951236067591
shakespeare in love,1998,7.4,78654.0,comedy drama romance,-0.959063708782196,-1,0.128306638442519
shallow grave,1994,7.4,21611.0,comedy crime drama thriller,-0.9451007843017578,-1,-0.14447734500068465
shampoo,1975,6.2,4406.0,drama romance,-0.9652561545372008,-1,-0.0784246411302994
the shining,1980,8.5,182077.0,horror mystery thriller,0.9971410036087036,1,0.10056604587190873
silver bullet,1985,5.9,6498.0,adventure drama horror mystery thriller,-0.9982272982597352,-1,-0.11248989012979325
sister act,1992,5.9,25196.0,comedy crime music,0.9989410042762756,1,0.02437869890530904
sleepy hollow,1999,7.5,108951.0,fantasy mystery thriller,-0.9999642372131348,-1,-0.18733213291220044
sling blade,1996,8.0,42087.0,drama,-0.8416216373443604,-1,0.03125803578182085
smoke,1995,7.5,15482.0,comedy drama,-0.9698355197906494,-1,-0.03878129203046397
snow falling on cedars,1999,6.7,8483.0,drama mystery romance thriller,-0.9999233484268188,-1,-0.29790191173553465
soldier,1998,5.6,16446.0,action drama sci-fi,-0.9999898672103882,-1,-0.21104168891906738
some like it hot,1959,8.4,68749.0,comedy,-0.8779375553131104,-1,-0.05096755365325052
the wedding date,2005,5.5,12340.0,comedy romance,-0.9999545812606812,-1,-0.06107703598406032
sounder,1972,7.8,1298.0,drama,0.9559614062309264,1,0.2464960217475891
south park: bigger longer & uncut,1999,7.8,80257.0,animation comedy musical,-0.9931831955909728,-1,-0.10788185980946538
spacejacked,1997,2.9,105.0,action sci-fi,-0.5736961364746094,-1,0.0865307812566881
spare me,1992,5.8,26.0,thriller,-0.9996570348739624,-1,-0.08334261430975269
sphere,1998,5.6,31924.0,drama horror mystery sci-fi thriller,-0.9992289543151855,-1,-0.3341798626858255
star wars,1977,8.8,326619.0,action adventure fantasy sci-fi,-0.9992135763168336,-1,-0.1167536984194595
starship troopers,1997,7.1,84874.0,action adventure sci-fi thriller,-0.8166289925575256,-1,-0.004410926094386569
star trek: the motion picture,1979,6.2,25723.0,adventure fantasy mystery sci-fi,-0.9991150498390198,-1,-0.031005085714711438
state and main,2000,6.8,13163.0,comedy drama,-0.9971740245819092,-1,-0.060824558824372925
stepmom,1998,6.2,18714.0,comedy drama,-0.96457701921463,-1,-0.10216073946708745
storytelling,2001,6.7,9677.0,comedy drama,-0.9999667406082152,-1,-0.1302420768689749
stranglehold,2007,8.6,907.0,action adventure crime,-0.9997482895851136,-1,-0.08615084600182218
dr. strangelove or: how i learned to stop worrying and love the bomb,1964,8.6,158529.0,comedy drama,-0.9988152980804444,-1,-0.1933027069614888
suburbia,1996,6.5,4552.0,comedy drama,-0.998903751373291,-1,-0.0601829976049776
sugar & spice,2001,5.2,6981.0,comedy crime,-0.9649435877799988,-1,-0.09071524626648371
sunset blvd.,1950,8.7,55994.0,drama film-noir,-0.991068720817566,-1,-0.08923524110103125
supergirl,1984,4.1,6576.0,action adventure sci-fi,-0.9988265633583068,-1,-0.060088515281677246
superman iii,1983,4.7,18340.0,action adventure comedy fantasy sci-fi,-0.9998131394386292,-1,-0.04692330740867777
superman ii,1980,6.7,29941.0,action adventure fantasy romance sci-fi,-0.986565887928009,-1,0.02516930308696386
superman iv: the quest for peace,1987,3.4,15332.0,action adventure family fantasy sci-fi,0.62478107213974,1,0.005049347877502441
superman,1978,7.3,51172.0,action family sci-fi,-0.9983701109886168,-1,-0.0059167662901537755
the sweet hereafter,1997,7.8,16463.0,drama,-0.9993664622306824,-1,-0.014150997594442551
sweet smell of success,1957,8.2,9014.0,drama film-noir,-0.99990975856781,-1,-0.11695874652374527
terminator 2: judgment day,1991,8.5,243230.0,action sci-fi thriller,-0.999975562095642,-1,-0.20021070055510282
taking sides,2001,7.2,1950.0,drama music war,-0.882139265537262,-1,-0.13642128693814182
the terminator,1984,8.1,183538.0,action sci-fi thriller,-0.998464584350586,-1,-0.15265978834567925
the game,1997,7.7,75861.0,drama mystery thriller,-0.9999408721923828,-1,-0.20148331446935666
the haunting,1999,4.6,32086.0,horror thriller mystery,-0.9798282980918884,-1,-0.12641324618506053
the limey,1999,7.0,15465.0,crime drama mystery thriller,-0.9901638627052308,-1,-0.15580062124113372
the man who wasn't there,2001,7.7,41452.0,crime drama,-0.9999202489852904,-1,-0.10959832570547395
the relic,1997,5.4,10340.0,horror mystery thriller,-0.9844987988471984,-1,-0.21080865497631124
the truman show,1998,8.0,160825.0,drama,-0.9996426105499268,-1,-0.07426968019410789
the x files,1998,6.8,39090.0,crime horror mystery sci-fi thriller,-0.9898537993431092,-1,-0.1780187984307607
the cell,2000,6.2,37417.0,drama fantasy horror sci-fi thriller,-0.9960179924964904,-1,0.05871672410713999
the third man,1949,8.5,51872.0,film-noir mystery thriller,-0.9963281750679016,-1,-0.053627373174179434
the beach,2000,6.3,55734.0,adventure drama romance thriller,-0.9995617270469666,-1,-0.1431532676021258
the believer,2001,7.3,11345.0,drama,-0.9988683462142944,-1,-0.30114081466054343
le grand bleu,1988,7.4,18313.0,adventure drama romance,-0.9986391663551332,-1,-0.043336367444769416
the hebrew hammer,2003,6.2,2900.0,comedy,-0.507919430732727,-1,-0.04921379567372917
the leopard man,1943,6.9,1518.0,drama horror mystery thriller,-0.9998108744621276,-1,-0.1167266581614109
the lost son,1999,6.5,911.0,crime drama romance thriller,-0.9996572732925416,-1,-0.2841528193405976
the messenger,2009,7.4,9224.0,drama romance war,-0.8489224910736084,-1,-0.1115242396686094
the pianist,2002,8.5,138080.0,biography drama war,-0.8648893237113953,-1,-0.11432254140394447
the piano,1993,7.5,28525.0,drama romance,-0.9998086094856262,-1,0.02468014125888412
the sting,1973,8.4,67231.0,comedy crime drama,-0.9990528225898744,-1,-0.1329451314157236
the thin man,1934,8.1,11936.0,comedy crime drama mystery romance,-0.9890900254249572,-1,-0.07721240006693916
three kings,1999,7.3,69757.0,action adventure comedy drama war,-0.9937481880187988,-1,-0.21999517176681457
thx 1138,1971,6.8,15741.0,drama mystery sci-fi thriller,-0.9995790123939514,-1,-0.24332116525384445
ticker,2001,3.3,3933.0,action thriller crime,-0.9998462200164796,-1,-0.12745628305843898
trouble in paradise,1932,8.2,4781.0,comedy crime romance,-0.9873701333999634,-1,0.11752791200163802
titanic,1997,7.4,244771.0,drama history romance,-0.9997362494468688,-1,-0.026152203605517333
transatlantic merry-go-round,1934,6.9,53.0,comedy musical mystery romance,-0.9494941234588624,-1,0.034717368487770676
tombstone,1993,7.7,44204.0,action drama history romance western,-0.9998332262039183,-1,-0.0506897251118104
tomorrow never dies,1997,6.4,47198.0,action adventure thriller,-0.9998507499694824,-1,-0.01012507959078717
to sleep with anger,1990,6.8,490.0,drama,-0.9977588653564452,-1,-0.11277207485970608
toy story,1995,8.2,156231.0,animation adventure comedy family fantasy,-0.7241494059562683,-1,-0.058066454447600474
the magic toyshop,1987,6.2,90.0,fantasy,-0.999932050704956,-1,-0.0625449470111302
traffic,2000,7.8,86662.0,crime drama thriller,-0.9803645610809326,-1,-0.16498587059925307
trainspotting,1996,8.2,153782.0,crime drama,-0.9999943971633912,-1,-0.08251788008826857
star trek v: the final frontier,1989,5.0,20749.0,action adventure sci-fi thriller,-0.7475419044494629,-1,0.022684942979317207
tron,1982,6.7,25903.0,action adventure sci-fi thriller sci-fi,-0.9999911785125732,-1,-0.04550559451318767
true lies,1994,7.2,81801.0,action thriller,-0.9997300505638124,-1,-0.09709196348590303
true romance,1993,7.9,74762.0,crime romance thriller,0.977551519870758,1,-0.07015340687597499
twelve monkeys,1995,8.1,173320.0,mystery sci-fi thriller,-0.999783217906952,-1,-0.2657891106139565
u-turn,1973,5.8,37.0,drama,-0.9655665755271912,-1,-0.21781090149192311
u turn,1997,6.7,25388.0,crime drama thriller,-0.9580153226852416,-1,-0.20958128971347836
unbreakable,2000,7.3,98767.0,drama fantasy mystery thriller,-0.9995359182357788,-1,-0.11134346225044944
unforgiven,1992,8.3,101270.0,drama western,-0.9999622106552124,-1,-0.2537716901691312
the usual suspects,1995,8.7,272137.0,crime mystery thriller,-0.9991150498390198,-1,-0.22596517228340918
verdict,1974,5.7,135.0,drama,-0.9974699020385742,-1,-0.07630952190881395
vertigo,1958,8.6,93524.0,crime mystery romance thriller,-0.9886083602905272,-1,-0.03139197951118686
very bad things,1998,6.0,22977.0,comedy crime thriller,-0.999835968017578,-1,-0.20615434113777045
viridiana,1961,8.2,6288.0,drama,-0.9999669790267944,-1,-0.0807172261469857
virtuosity,1995,5.3,11191.0,action crime sci-fi thriller,-0.99986732006073,-1,-0.13607252459620955
wag the dog,1997,7.1,36448.0,comedy drama,-0.9991081357002258,-1,-0.08733816057443619
wall street,1987,7.3,39082.0,crime drama,-0.9996552467346193,-1,-0.07163584928646266
waxwork,1988,6.0,2596.0,comedy fantasy horror,-0.9996293783187866,-1,-0.037064661310143666
what lies beneath,2000,6.5,46195.0,drama horror mystery thriller,0.9006704688072205,1,-0.13337843857120107
what women want,2000,6.3,55269.0,comedy fantasy romance,-0.8469101786613464,-1,-0.17628204822540283
the witching hour,1996,6.5,69.0,documentary short,-0.8396229147911072,-1,-0.032194306241705065
white angel,1994,4.4,99.0,drama thriller,-0.9991211295127868,-1,-0.2125755059872574
who's your daddy?,2003,4.5,2267.0,comedy,-0.9918754696846008,-1,0.09134207652495788
wild things,1998,6.6,40523.0,crime mystery thriller,-0.9985407590866088,-1,-0.2680767403682231
wild wild west,1999,4.3,54943.0,action western comedy sci-fi,-0.9898734092712402,-1,0.049032815865107944
willow,1988,7.1,33506.0,action adventure drama fantasy romance,-0.9945207834243774,-1,0.022054933661582485
witness,1985,7.6,30705.0,drama romance thriller,-0.9980738162994384,-1,-0.011506653967357817
the wizard of oz,1939,8.3,104873.0,adventure family fantasy musical,-0.9345542192459106,-1,-0.0001333009203275045
the world is not enough,1999,6.3,60047.0,action adventure thriller,-0.9987730383872986,-1,-0.12045592623643386
watchmen,2009,7.8,135229.0,action crime fantasy mystery sci-fi thriller,-0.9999442100524902,-1,-0.25606110379182173
xxx,2002,5.6,53505.0,action adventure crime,-0.6743810772895813,-1,-0.19303206365725717
x-men,2000,7.4,122149.0,action sci-fi,-0.996865451335907,-1,0.015747365937835867
young frankenstein,1974,8.0,57618.0,comedy sci-fi,-0.9999721050262452,-1,0.04517963539017202
zulu dawn,1979,6.4,1911.0,action adventure drama history war,-0.9992697834968568,-1,-0.022946618935641122
